{
    "alpha": 50.0,
    "arch": "ResInc",
    "batch": 8,
    "ckptDir": null,
    "config": null,
    "decay": 0.9,
    "deep_supervision": true,
    "depth": 4,
    "filters": 32,
    "gamma": 1.0,
    "idCol": "ID",
    "labCol": "Segmentation",
    "label_balance": 1,
    "label_smoothing": 0.0,
    "layers": 1,
    "learning_rate": 0.01,
    "lite": false,
    "lr_sch": "PLAT",
    "max_to_keep": 1,
    "min_epochs": 25,
    "nJobs": 4,
    "norm": "batch",
    "num_classes": 5,
    "num_epochs": 500,
    "optimizer": "Adam",
    "otherMods": null,
    "patience": 10,
    "refMod": "Brain",
    "reorient": "LPS",
    "rescale": "norm",
    "ressize": 1.0,
    "summary": true,
    "verb": 1,
    "xy_width": 256
}